a,a,a
1,SALES,ONLINE
2,WAGES,TRANSFER
3,WAGES,ONLINE
4,GOODS/MATERIALS,ONLINE
5,SALES,ATM
6,SALES,TRANSFER
7,WAGES,ATM
8,SERVICES,ATM
9,GOODS/MATERIALS,ONLINE
10,TAX,ATM
11,SERVICES,CHECK
12,SALES,POS
13,SERVICES,POS
14,GOODS/MATERIALS,CHECK
15,WAGES,POS
16,SALES,ATM
17,TAX,CHECK
18,SALES,CHECK
19,SALES,TRANSFER
20,WAGES,POS
21,TAX,POS
22,SALES,ATM
23,WAGES,POS
24,GOODS/MATERIALS,CHECK
25,WAGES,POS
26,WAGES,ONLINE
27,TAX,ONLINE
28,SALES,TRANSFER
29,SERVICES,POS
30,WAGES,ONLINE
31,WAGES,ONLINE
32,WAGES,TRANSFER
33,WAGES,ONLINE
34,SALES,CHECK
35,SALES,ONLINE
36,WAGES,TRANSFER
37,SERVICES,CHECK
38,SERVICES,TRANSFER
39,WAGES,POS
40,WAGES,ATM
41,WAGES,TRANSFER
42,GOODS/MATERIALS,POS
43,GOODS/MATERIALS,POS
44,WAGES,TRANSFER
45,SERVICES,ONLINE
46,SERVICES,TRANSFER
47,GOODS/MATERIALS,ATM
48,TAX,TRANSFER
49,SALES,ATM
50,GOODS/MATERIALS,ATM
51,SERVICES,POS
52,SERVICES,TRANSFER
53,WAGES,TRANSFER
54,WAGES,ATM
55,WAGES,ONLINE
56,WAGES,ATM
57,GOODS/MATERIALS,ONLINE
58,GOODS/MATERIALS,ONLINE
59,TAX,TRANSFER
60,GOODS/MATERIALS,POS
61,TAX,CHECK
62,WAGES,TRANSFER
63,SALES,ATM
64,TAX,POS
65,SALES,POS
66,SERVICES,ONLINE
67,WAGES,ATM
68,WAGES,ATM
69,SALES,ONLINE
70,WAGES,CHECK
71,TAX,CHECK
72,SALES,TRANSFER
73,GOODS/MATERIALS,ATM
74,GOODS/MATERIALS,TRANSFER
75,WAGES,ATM
76,TAX,ATM
77,SALES,TRANSFER
78,WAGES,CHECK
79,SALES,ONLINE
80,WAGES,CHECK
81,GOODS/MATERIALS,POS
82,WAGES,ATM
83,WAGES,TRANSFER
84,TAX,CHECK
85,SERVICES,ONLINE
86,WAGES,ATM
87,WAGES,CHECK
88,GOODS/MATERIALS,TRANSFER
89,WAGES,ONLINE
90,SERVICES,ATM
91,TAX,ONLINE
92,SERVICES,TRANSFER
93,TAX,TRANSFER
94,SERVICES,TRANSFER
95,TAX,TRANSFER
96,SALES,ONLINE
97,TAX,ONLINE
98,WAGES,ONLINE
99,SERVICES,ONLINE
100,WAGES,POS
101,SERVICES,ONLINE
102,GOODS/MATERIALS,POS
103,SERVICES,ONLINE
104,TAX,ATM
105,SALES,TRANSFER
106,SERVICES,ONLINE
107,GOODS/MATERIALS,POS
108,WAGES,TRANSFER
109,WAGES,TRANSFER
110,SALES,ATM
111,WAGES,ONLINE
112,GOODS/MATERIALS,ATM
113,SALES,CHECK
114,GOODS/MATERIALS,ATM
115,TAX,POS
116,GOODS/MATERIALS,POS
117,SALES,POS
118,SERVICES,ONLINE
119,SALES,CHECK
120,GOODS/MATERIALS,POS
121,SALES,ATM
122,GOODS/MATERIALS,ONLINE
123,TAX,CHECK
124,WAGES,ATM
125,GOODS/MATERIALS,POS
126,GOODS/MATERIALS,TRANSFER
127,WAGES,TRANSFER
128,GOODS/MATERIALS,CHECK
129,SALES,TRANSFER
130,SALES,CHECK
131,WAGES,ATM
132,SERVICES,ATM
133,WAGES,POS
134,SALES,ONLINE
135,WAGES,TRANSFER
136,WAGES,POS
137,WAGES,ONLINE
138,GOODS/MATERIALS,POS
139,SERVICES,CHECK
140,WAGES,ONLINE
141,GOODS/MATERIALS,TRANSFER
142,SERVICES,POS
143,GOODS/MATERIALS,POS
144,TAX,TRANSFER
145,TAX,POS
146,TAX,ATM
147,SERVICES,ATM
148,WAGES,POS
149,WAGES,ONLINE
150,TAX,ATM
151,SALES,ATM
152,SERVICES,ONLINE
153,WAGES,POS
154,GOODS/MATERIALS,TRANSFER
155,SALES,POS
156,SERVICES,TRANSFER
157,SALES,ONLINE
158,SERVICES,POS
159,TAX,TRANSFER
160,SERVICES,ONLINE
161,TAX,ATM
162,SALES,TRANSFER
163,GOODS/MATERIALS,ONLINE
164,SALES,POS
165,SALES,CHECK
166,TAX,CHECK
167,GOODS/MATERIALS,POS
168,SALES,ATM
169,SERVICES,POS
170,SERVICES,TRANSFER
171,SERVICES,ONLINE
172,SALES,CHECK
173,SERVICES,POS
174,SALES,TRANSFER
175,GOODS/MATERIALS,POS
176,GOODS/MATERIALS,POS
177,GOODS/MATERIALS,ATM
178,SALES,TRANSFER
179,SERVICES,ATM
180,GOODS/MATERIALS,ONLINE
181,GOODS/MATERIALS,CHECK
182,WAGES,TRANSFER
183,TAX,POS
184,WAGES,ATM
185,SALES,TRANSFER
186,GOODS/MATERIALS,ONLINE
187,TAX,CHECK
188,SERVICES,CHECK
189,GOODS/MATERIALS,ATM
190,WAGES,ONLINE
191,SALES,ATM
192,GOODS/MATERIALS,CHECK
193,WAGES,POS
194,GOODS/MATERIALS,ONLINE
195,WAGES,POS
196,SALES,POS
197,SALES,ATM
198,TAX,ONLINE
199,SALES,TRANSFER
200,SERVICES,CHECK
201,SERVICES,TRANSFER
202,SERVICES,POS
203,TAX,TRANSFER
204,WAGES,ATM
205,GOODS/MATERIALS,ONLINE
206,WAGES,TRANSFER
207,GOODS/MATERIALS,ATM
208,TAX,ONLINE
209,SALES,ONLINE
210,TAX,ATM
211,SERVICES,CHECK
212,SERVICES,ONLINE
213,WAGES,ATM
214,SERVICES,ONLINE
215,SALES,TRANSFER
216,SALES,POS
217,SALES,ATM
218,SERVICES,ONLINE
219,SALES,ONLINE
220,TAX,POS
221,SERVICES,CHECK
222,TAX,TRANSFER
223,SERVICES,POS
224,WAGES,ATM
225,TAX,POS
226,WAGES,ONLINE
227,GOODS/MATERIALS,CHECK
228,SERVICES,ATM
229,TAX,ATM
230,SALES,CHECK
231,SALES,CHECK
232,SERVICES,ONLINE
233,WAGES,TRANSFER
234,GOODS/MATERIALS,TRANSFER
235,TAX,CHECK
236,GOODS/MATERIALS,TRANSFER
237,SALES,POS
238,GOODS/MATERIALS,ONLINE
239,GOODS/MATERIALS,ATM
240,WAGES,ONLINE
241,TAX,POS
242,GOODS/MATERIALS,POS
243,SALES,ONLINE
244,SERVICES,TRANSFER
245,WAGES,TRANSFER
246,WAGES,POS
247,SERVICES,ATM
248,TAX,POS
249,WAGES,ONLINE
250,WAGES,ONLINE
251,SALES,ONLINE
252,GOODS/MATERIALS,TRANSFER
253,WAGES,ATM
254,SERVICES,ONLINE
255,WAGES,ATM
256,GOODS/MATERIALS,CHECK
257,WAGES,ONLINE
258,SALES,ONLINE
259,GOODS/MATERIALS,TRANSFER
260,SERVICES,CHECK
261,SALES,CHECK
262,SERVICES,TRANSFER
263,SALES,POS
264,GOODS/MATERIALS,CHECK
265,SERVICES,ONLINE
266,TAX,ONLINE
267,TAX,POS
268,WAGES,TRANSFER
269,SALES,ONLINE
270,TAX,ATM
271,SALES,TRANSFER
272,SERVICES,ATM
273,GOODS/MATERIALS,CHECK
274,GOODS/MATERIALS,ATM
275,GOODS/MATERIALS,TRANSFER
276,WAGES,POS
277,SALES,ONLINE
278,WAGES,TRANSFER
279,SERVICES,POS
280,SERVICES,ATM
281,SALES,TRANSFER
282,SERVICES,CHECK
283,SALES,ONLINE
284,SALES,TRANSFER
285,SERVICES,ONLINE
286,TAX,POS
287,TAX,TRANSFER
288,WAGES,ONLINE
289,GOODS/MATERIALS,CHECK
290,WAGES,CHECK
291,TAX,ONLINE
292,SALES,TRANSFER
293,TAX,TRANSFER
294,SERVICES,CHECK
295,WAGES,ATM
296,GOODS/MATERIALS,ONLINE
297,SERVICES,TRANSFER
298,SERVICES,ATM
299,SERVICES,ONLINE
300,WAGES,ATM
301,SERVICES,POS
302,TAX,TRANSFER
303,SALES,ATM
304,WAGES,ATM
305,GOODS/MATERIALS,CHECK
306,WAGES,CHECK
307,SERVICES,TRANSFER
308,SERVICES,TRANSFER
309,TAX,ONLINE
310,SERVICES,ONLINE
311,TAX,CHECK
312,WAGES,ONLINE
313,TAX,ONLINE
314,SERVICES,POS
315,GOODS/MATERIALS,TRANSFER
316,GOODS/MATERIALS,CHECK
317,SALES,POS
318,SALES,ONLINE
319,WAGES,ATM
320,SERVICES,ATM
321,WAGES,ATM
322,GOODS/MATERIALS,TRANSFER
323,SERVICES,TRANSFER
324,TAX,CHECK
325,WAGES,ATM
326,SERVICES,CHECK
327,SALES,ONLINE
328,SERVICES,ATM
329,SALES,ATM
330,SERVICES,CHECK
331,TAX,ONLINE
332,WAGES,TRANSFER
333,WAGES,ONLINE
334,WAGES,ATM
335,GOODS/MATERIALS,POS
336,SERVICES,POS
337,SERVICES,ATM
338,SALES,POS
339,WAGES,ATM
340,GOODS/MATERIALS,ONLINE
341,SERVICES,POS
342,WAGES,CHECK
343,TAX,ATM
344,SALES,POS
345,SERVICES,ONLINE
346,TAX,TRANSFER
347,SERVICES,TRANSFER
348,SALES,POS
349,SERVICES,CHECK
350,TAX,TRANSFER
351,WAGES,ONLINE
352,WAGES,TRANSFER
353,GOODS/MATERIALS,CHECK
354,WAGES,ATM
355,TAX,ONLINE
356,SERVICES,POS
357,SALES,CHECK
358,WAGES,POS
359,WAGES,CHECK
360,GOODS/MATERIALS,TRANSFER
361,WAGES,POS
362,GOODS/MATERIALS,TRANSFER
363,GOODS/MATERIALS,ONLINE
364,WAGES,ONLINE
365,TAX,CHECK
366,GOODS/MATERIALS,ATM
367,WAGES,ATM
368,SERVICES,CHECK
369,SERVICES,ONLINE
370,GOODS/MATERIALS,CHECK
371,WAGES,CHECK
372,TAX,CHECK
373,SALES,ATM
374,SERVICES,CHECK
375,WAGES,ONLINE
376,GOODS/MATERIALS,TRANSFER
377,SALES,POS
378,GOODS/MATERIALS,ONLINE
379,WAGES,CHECK
380,GOODS/MATERIALS,CHECK
381,TAX,ONLINE
382,GOODS/MATERIALS,ATM
383,WAGES,TRANSFER
384,SERVICES,POS
385,SALES,ONLINE
386,TAX,ATM
387,TAX,ATM
388,TAX,POS
389,TAX,POS
390,GOODS/MATERIALS,POS
391,SALES,POS
392,SALES,ONLINE
393,TAX,CHECK
394,WAGES,TRANSFER
395,GOODS/MATERIALS,TRANSFER
396,SERVICES,CHECK
397,WAGES,POS
398,WAGES,ATM
399,WAGES,TRANSFER
400,SALES,CHECK
401,SALES,POS
402,WAGES,TRANSFER
403,SALES,CHECK
404,SERVICES,CHECK
405,SERVICES,CHECK
406,TAX,POS
407,SALES,CHECK
408,GOODS/MATERIALS,TRANSFER
409,GOODS/MATERIALS,POS
410,SERVICES,TRANSFER
411,TAX,POS
412,GOODS/MATERIALS,ATM
413,WAGES,ONLINE
414,SALES,ONLINE
415,SERVICES,ONLINE
416,TAX,ONLINE
417,GOODS/MATERIALS,POS
418,TAX,POS
419,SALES,ATM
420,SALES,ONLINE
421,TAX,ATM
422,GOODS/MATERIALS,CHECK
423,SALES,ATM
424,SALES,CHECK
425,GOODS/MATERIALS,POS
426,SALES,CHECK
427,SALES,ATM
428,SALES,ONLINE
429,GOODS/MATERIALS,POS
430,TAX,CHECK
431,TAX,ATM
432,TAX,CHECK
433,WAGES,ATM
434,WAGES,POS
435,GOODS/MATERIALS,POS
436,SALES,CHECK
437,SERVICES,ATM
438,WAGES,CHECK
439,SERVICES,ONLINE
440,SERVICES,ONLINE
441,SERVICES,POS
442,SALES,ATM
443,SALES,TRANSFER
444,SALES,ONLINE
445,GOODS/MATERIALS,ONLINE
446,WAGES,POS
447,GOODS/MATERIALS,POS
448,TAX,TRANSFER
449,SALES,ATM
450,SERVICES,CHECK
451,GOODS/MATERIALS,POS
452,GOODS/MATERIALS,ATM
453,SERVICES,ATM
454,WAGES,ONLINE
455,WAGES,CHECK
456,GOODS/MATERIALS,ATM
457,TAX,ATM
458,WAGES,ONLINE
459,SERVICES,POS
460,WAGES,ONLINE
461,GOODS/MATERIALS,CHECK
462,WAGES,TRANSFER
463,SALES,ONLINE
464,SERVICES,ONLINE
465,TAX,CHECK
466,WAGES,ATM
467,TAX,ONLINE
468,GOODS/MATERIALS,ATM
469,TAX,TRANSFER
470,SALES,TRANSFER
471,SALES,CHECK
472,TAX,POS
473,SERVICES,POS
474,SERVICES,TRANSFER
475,WAGES,TRANSFER
476,SERVICES,ONLINE
477,WAGES,CHECK
478,SALES,TRANSFER
479,GOODS/MATERIALS,TRANSFER
480,SALES,TRANSFER
481,SALES,TRANSFER
482,GOODS/MATERIALS,CHECK
483,GOODS/MATERIALS,ONLINE
484,TAX,POS
485,GOODS/MATERIALS,POS
486,TAX,POS
487,WAGES,ONLINE
488,GOODS/MATERIALS,ATM
489,SALES,TRANSFER
490,TAX,ONLINE
491,GOODS/MATERIALS,ONLINE
492,WAGES,POS
493,SALES,ATM
494,SALES,ONLINE
495,GOODS/MATERIALS,ATM
496,TAX,CHECK
497,GOODS/MATERIALS,POS
498,GOODS/MATERIALS,CHECK
499,GOODS/MATERIALS,POS
500,WAGES,CHECK
501,GOODS/MATERIALS,TRANSFER
502,WAGES,CHECK
503,WAGES,TRANSFER
504,SERVICES,ATM
505,SERVICES,ATM
506,GOODS/MATERIALS,CHECK
507,TAX,ATM
508,SALES,POS
509,SALES,POS
510,GOODS/MATERIALS,POS
511,GOODS/MATERIALS,ONLINE
512,TAX,CHECK
513,SERVICES,TRANSFER
514,SALES,ONLINE
515,SALES,POS
516,TAX,CHECK
517,GOODS/MATERIALS,CHECK
518,TAX,ATM
519,SERVICES,ATM
520,SALES,CHECK
521,SERVICES,TRANSFER
522,SERVICES,TRANSFER
523,SALES,ATM
524,SALES,POS
525,TAX,ONLINE
526,TAX,TRANSFER
527,TAX,ONLINE
528,GOODS/MATERIALS,ATM
529,SALES,POS
530,SERVICES,POS
531,TAX,CHECK
532,WAGES,ATM
533,SERVICES,POS
534,SERVICES,CHECK
535,WAGES,TRANSFER
536,WAGES,ONLINE
537,SERVICES,CHECK
538,WAGES,CHECK
539,WAGES,TRANSFER
540,TAX,ONLINE
541,TAX,ATM
542,TAX,POS
543,WAGES,POS
544,WAGES,ONLINE
545,SERVICES,TRANSFER
546,GOODS/MATERIALS,ATM
547,SERVICES,ONLINE
548,SERVICES,ATM
549,TAX,POS
550,WAGES,TRANSFER
551,TAX,CHECK
552,TAX,ONLINE
553,GOODS/MATERIALS,CHECK
554,TAX,POS
555,WAGES,CHECK
556,SERVICES,POS
557,WAGES,TRANSFER
558,GOODS/MATERIALS,ONLINE
559,TAX,CHECK
560,TAX,ONLINE
561,GOODS/MATERIALS,ONLINE
562,GOODS/MATERIALS,ATM
563,TAX,TRANSFER
564,SALES,CHECK
565,SERVICES,ONLINE
566,SERVICES,CHECK
567,SALES,ATM
568,SERVICES,POS
569,GOODS/MATERIALS,ONLINE
570,SERVICES,ATM
571,SERVICES,ONLINE
572,GOODS/MATERIALS,ATM
573,GOODS/MATERIALS,ATM
574,SERVICES,ONLINE
575,GOODS/MATERIALS,ONLINE
576,TAX,POS
577,TAX,ATM
578,SALES,POS
579,TAX,POS
580,SALES,ONLINE
581,SALES,CHECK
582,SALES,ONLINE
583,SERVICES,ONLINE
584,GOODS/MATERIALS,ONLINE
585,SALES,CHECK
586,SALES,POS
587,GOODS/MATERIALS,ONLINE
588,GOODS/MATERIALS,POS
589,WAGES,ATM
590,SERVICES,CHECK
591,WAGES,CHECK
592,GOODS/MATERIALS,ONLINE
593,SALES,ATM
594,SERVICES,ATM
595,TAX,ATM
596,WAGES,POS
597,SALES,POS
598,WAGES,POS
599,TAX,ONLINE
600,TAX,CHECK
601,TAX,TRANSFER
602,WAGES,TRANSFER
603,WAGES,ONLINE
604,WAGES,ATM
605,TAX,ATM
606,WAGES,ONLINE
607,GOODS/MATERIALS,ATM
608,GOODS/MATERIALS,TRANSFER
609,SERVICES,TRANSFER
610,TAX,TRANSFER
611,SERVICES,POS
612,SALES,ATM
613,GOODS/MATERIALS,ATM
614,SERVICES,CHECK
615,GOODS/MATERIALS,POS
616,WAGES,ATM
617,SALES,TRANSFER
618,SALES,CHECK
619,TAX,CHECK
620,GOODS/MATERIALS,CHECK
621,SALES,ATM
622,TAX,POS
623,WAGES,CHECK
624,SALES,CHECK
625,WAGES,TRANSFER
626,SALES,POS
627,GOODS/MATERIALS,ATM
628,WAGES,ONLINE
629,WAGES,CHECK
630,TAX,TRANSFER
631,SERVICES,TRANSFER
632,WAGES,ONLINE
633,TAX,TRANSFER
634,TAX,CHECK
635,SALES,ONLINE
636,WAGES,POS
637,TAX,TRANSFER
638,GOODS/MATERIALS,ATM
639,TAX,ONLINE
640,SALES,POS
641,TAX,CHECK
642,SALES,CHECK
643,TAX,TRANSFER
644,WAGES,TRANSFER
645,GOODS/MATERIALS,ONLINE
646,GOODS/MATERIALS,ATM
647,SERVICES,ONLINE
648,SERVICES,POS
649,TAX,CHECK
650,WAGES,TRANSFER
651,WAGES,POS
652,SERVICES,CHECK
653,SERVICES,ATM
654,SERVICES,POS
655,WAGES,TRANSFER
656,GOODS/MATERIALS,TRANSFER
657,WAGES,TRANSFER
658,WAGES,POS
659,SERVICES,POS
660,GOODS/MATERIALS,POS
661,GOODS/MATERIALS,TRANSFER
662,WAGES,CHECK
663,SERVICES,TRANSFER
664,TAX,CHECK
665,WAGES,POS
666,GOODS/MATERIALS,CHECK
667,TAX,CHECK
668,GOODS/MATERIALS,ONLINE
669,WAGES,ONLINE
670,TAX,TRANSFER
671,TAX,TRANSFER
672,SALES,POS
673,GOODS/MATERIALS,ONLINE
674,SALES,POS
675,SERVICES,POS
676,WAGES,CHECK
677,SERVICES,POS
678,WAGES,ATM
679,SALES,ATM
680,WAGES,TRANSFER
681,WAGES,ONLINE
682,WAGES,CHECK
683,SALES,TRANSFER
684,SERVICES,TRANSFER
685,TAX,ATM
686,SERVICES,ATM
687,SERVICES,ONLINE
688,SALES,TRANSFER
689,SALES,TRANSFER
690,SERVICES,ONLINE
691,GOODS/MATERIALS,POS
692,SERVICES,ONLINE
693,SERVICES,POS
694,TAX,ATM
695,GOODS/MATERIALS,POS
696,GOODS/MATERIALS,POS
697,WAGES,ATM
698,TAX,TRANSFER
699,SERVICES,CHECK
700,SALES,ATM
701,GOODS/MATERIALS,POS
702,WAGES,ATM
703,SERVICES,CHECK
704,TAX,CHECK
705,GOODS/MATERIALS,ATM
706,WAGES,POS
707,TAX,ONLINE
708,TAX,ATM
709,WAGES,ATM
710,SALES,CHECK
711,TAX,TRANSFER
712,WAGES,ONLINE
713,WAGES,ATM
714,GOODS/MATERIALS,POS
715,TAX,TRANSFER
716,WAGES,ONLINE
717,TAX,ATM
718,SERVICES,ATM
719,SERVICES,ATM
720,SERVICES,POS
721,SERVICES,CHECK
722,SALES,POS
723,WAGES,POS
724,GOODS/MATERIALS,ATM
725,TAX,ATM
726,GOODS/MATERIALS,ATM
727,WAGES,TRANSFER
728,SERVICES,CHECK
729,SALES,CHECK
730,WAGES,CHECK
731,TAX,CHECK
732,TAX,TRANSFER
733,WAGES,POS
734,SERVICES,TRANSFER
735,WAGES,ONLINE
736,SERVICES,ATM
737,SERVICES,POS
738,SERVICES,POS
739,SALES,TRANSFER
740,WAGES,ATM
741,TAX,TRANSFER
742,WAGES,POS
743,TAX,ATM
744,SALES,TRANSFER
745,SALES,CHECK
746,SALES,ATM
747,GOODS/MATERIALS,POS
748,SALES,CHECK
749,TAX,ONLINE
750,TAX,ATM
751,GOODS/MATERIALS,CHECK
752,TAX,ATM
753,SALES,CHECK
754,GOODS/MATERIALS,CHECK
755,SERVICES,CHECK
756,SALES,ATM
757,SERVICES,ATM
758,SERVICES,ONLINE
759,SALES,CHECK
760,TAX,TRANSFER
761,SERVICES,ATM
762,WAGES,CHECK
763,WAGES,CHECK
764,SALES,ATM
765,TAX,CHECK
766,WAGES,ATM
767,GOODS/MATERIALS,ATM
768,SERVICES,POS
769,GOODS/MATERIALS,ATM
770,TAX,TRANSFER
771,WAGES,POS
772,WAGES,TRANSFER
773,GOODS/MATERIALS,TRANSFER
774,SERVICES,ATM
775,WAGES,CHECK
776,SERVICES,ONLINE
777,SALES,ONLINE
778,WAGES,ONLINE
779,SALES,ATM
780,SERVICES,CHECK
781,SALES,ONLINE
782,TAX,POS
783,WAGES,ATM
784,SALES,ONLINE
785,SERVICES,CHECK
786,TAX,ONLINE
787,SERVICES,CHECK
788,GOODS/MATERIALS,ATM
789,SALES,ATM
790,SERVICES,ATM
791,TAX,ONLINE
792,SERVICES,ATM
793,GOODS/MATERIALS,ONLINE
794,SERVICES,CHECK
795,TAX,ONLINE
796,GOODS/MATERIALS,POS
797,GOODS/MATERIALS,TRANSFER
798,TAX,POS
799,TAX,ONLINE
800,SALES,ONLINE
801,SERVICES,ONLINE
802,TAX,TRANSFER
803,GOODS/MATERIALS,ONLINE
804,WAGES,CHECK
805,SALES,POS
806,WAGES,CHECK
807,WAGES,POS
808,TAX,CHECK
809,GOODS/MATERIALS,POS
810,SALES,POS
811,SERVICES,TRANSFER
812,SERVICES,ONLINE
813,SALES,ONLINE
814,SERVICES,TRANSFER
815,WAGES,ONLINE
816,SALES,POS
817,SERVICES,ATM
818,WAGES,TRANSFER
819,WAGES,CHECK
820,SALES,CHECK
821,GOODS/MATERIALS,TRANSFER
822,SALES,TRANSFER
823,SALES,CHECK
824,GOODS/MATERIALS,POS
825,SERVICES,ONLINE
826,SALES,POS
827,SALES,POS
828,SALES,TRANSFER
829,TAX,CHECK
830,TAX,ONLINE
831,WAGES,CHECK
832,SERVICES,ATM
833,WAGES,ONLINE
834,SALES,ATM
835,TAX,TRANSFER
836,SALES,ATM
837,WAGES,CHECK
838,WAGES,ONLINE
839,GOODS/MATERIALS,ATM
840,TAX,ATM
841,TAX,CHECK
842,TAX,POS
843,GOODS/MATERIALS,ATM
844,SERVICES,TRANSFER
845,GOODS/MATERIALS,ONLINE
846,SALES,ONLINE
847,SERVICES,ATM
848,WAGES,POS
849,GOODS/MATERIALS,TRANSFER
850,TAX,POS
851,SERVICES,CHECK
852,SERVICES,ATM
853,SALES,ATM
854,GOODS/MATERIALS,ONLINE
855,WAGES,ONLINE
856,GOODS/MATERIALS,POS
857,SALES,ATM
858,SALES,CHECK
859,WAGES,ONLINE
860,TAX,ONLINE
861,WAGES,ATM
862,GOODS/MATERIALS,ATM
863,SERVICES,TRANSFER
864,GOODS/MATERIALS,CHECK
865,WAGES,ONLINE
866,GOODS/MATERIALS,ATM
867,WAGES,POS
868,GOODS/MATERIALS,ATM
869,WAGES,ONLINE
870,WAGES,TRANSFER
871,WAGES,CHECK
872,TAX,ONLINE
873,SALES,ONLINE
874,SERVICES,TRANSFER
875,SALES,CHECK
876,WAGES,CHECK
877,TAX,TRANSFER
878,GOODS/MATERIALS,TRANSFER
879,WAGES,ATM
880,SALES,TRANSFER
881,WAGES,ATM
882,SERVICES,CHECK
883,WAGES,POS
884,GOODS/MATERIALS,POS
885,GOODS/MATERIALS,POS
886,SALES,ATM
887,WAGES,POS
888,TAX,ONLINE
889,WAGES,TRANSFER
890,WAGES,TRANSFER
891,TAX,ONLINE
892,SERVICES,ONLINE
893,SALES,TRANSFER
894,SALES,ATM
895,SERVICES,ATM
896,WAGES,CHECK
897,SALES,POS
898,GOODS/MATERIALS,POS
899,TAX,TRANSFER
900,SALES,POS
901,SERVICES,ONLINE
902,TAX,ONLINE
903,SERVICES,TRANSFER
904,SALES,CHECK
905,SALES,POS
906,TAX,POS
907,SALES,POS
908,SERVICES,ONLINE
909,WAGES,ATM
910,TAX,TRANSFER
911,SERVICES,ONLINE
912,WAGES,ONLINE
913,SALES,ONLINE
914,WAGES,ONLINE
915,SERVICES,CHECK
916,TAX,ONLINE
917,SERVICES,ONLINE
918,GOODS/MATERIALS,ONLINE
919,SALES,TRANSFER
920,TAX,CHECK
921,TAX,CHECK
922,SERVICES,POS
923,TAX,ONLINE
924,GOODS/MATERIALS,ATM
925,TAX,POS
926,TAX,CHECK
927,SERVICES,ATM
928,TAX,ATM
929,TAX,ONLINE
930,SERVICES,POS
931,GOODS/MATERIALS,TRANSFER
932,TAX,POS
933,SERVICES,CHECK
934,SERVICES,ATM
935,GOODS/MATERIALS,ONLINE
936,SALES,TRANSFER
937,TAX,ATM
938,WAGES,CHECK
939,SERVICES,ONLINE
940,GOODS/MATERIALS,CHECK
941,SALES,ONLINE
942,SALES,CHECK
943,GOODS/MATERIALS,CHECK
944,WAGES,ATM
945,SERVICES,ATM
946,SERVICES,ATM
947,WAGES,TRANSFER
948,GOODS/MATERIALS,POS
949,SALES,ONLINE
950,WAGES,POS
951,WAGES,ONLINE
952,GOODS/MATERIALS,ATM
953,SALES,CHECK
954,TAX,POS
955,SALES,CHECK
956,WAGES,ONLINE
957,TAX,ONLINE
958,GOODS/MATERIALS,ONLINE
959,SERVICES,ONLINE
960,TAX,TRANSFER
961,GOODS/MATERIALS,ATM
962,SERVICES,ONLINE
963,GOODS/MATERIALS,POS
964,WAGES,CHECK
965,GOODS/MATERIALS,POS
966,GOODS/MATERIALS,POS
967,SERVICES,ATM
968,SERVICES,POS
969,WAGES,TRANSFER
970,SALES,CHECK
971,SERVICES,ONLINE
972,SERVICES,ATM
973,WAGES,POS
974,WAGES,TRANSFER
975,GOODS/MATERIALS,ONLINE
976,WAGES,POS
977,SERVICES,CHECK
978,TAX,TRANSFER
979,GOODS/MATERIALS,POS
980,SERVICES,ATM
981,GOODS/MATERIALS,TRANSFER
982,SALES,CHECK
983,TAX,ATM
984,TAX,ONLINE
985,WAGES,ATM
986,SERVICES,ATM
987,GOODS/MATERIALS,TRANSFER
988,SALES,ATM
989,TAX,ATM
990,WAGES,ATM
991,SALES,CHECK
992,WAGES,ONLINE
993,GOODS/MATERIALS,POS
994,TAX,POS
995,TAX,TRANSFER
996,SERVICES,ONLINE
997,WAGES,TRANSFER
998,WAGES,ONLINE
999,SERVICES,POS
1000,GOODS/MATERIALS,ATM
1001,WAGES,ONLINE
1002,SERVICES,POS
1003,SERVICES,CHECK
1004,SERVICES,CHECK
1005,WAGES,ONLINE
1006,WAGES,TRANSFER
1007,SALES,CHECK
1008,GOODS/MATERIALS,CHECK
1009,SERVICES,CHECK
1010,GOODS/MATERIALS,ATM
1011,SERVICES,ONLINE
1012,TAX,ONLINE
1013,SERVICES,POS
1014,SERVICES,ATM
1015,GOODS/MATERIALS,CHECK
1016,SERVICES,CHECK
1017,WAGES,ONLINE
1018,GOODS/MATERIALS,ATM
1019,GOODS/MATERIALS,ATM
1020,GOODS/MATERIALS,ATM
1021,TAX,ATM
1022,TAX,ONLINE
1023,TAX,ONLINE
1024,TAX,CHECK
1025,TAX,ATM
1026,WAGES,ATM
1027,TAX,ONLINE
1028,WAGES,ONLINE
1029,WAGES,ATM
1030,WAGES,ATM
1031,WAGES,ATM
1032,GOODS/MATERIALS,ATM
1033,TAX,ONLINE
1034,TAX,ATM
1035,WAGES,TRANSFER
1036,GOODS/MATERIALS,TRANSFER
1037,GOODS/MATERIALS,CHECK
1038,WAGES,ATM
1039,SALES,ATM
1040,SALES,CHECK
1041,SERVICES,ATM
1042,TAX,POS
1043,TAX,CHECK
1044,SERVICES,TRANSFER
1045,SERVICES,ATM
1046,SALES,POS
1047,GOODS/MATERIALS,ATM
1048,SERVICES,ATM
1049,SERVICES,POS
1050,GOODS/MATERIALS,TRANSFER
1051,WAGES,ONLINE
1052,TAX,ONLINE
1053,SALES,POS
1054,TAX,CHECK
1055,TAX,CHECK
1056,SALES,ATM
1057,WAGES,TRANSFER
1058,SALES,ATM
1059,SERVICES,POS
1060,TAX,TRANSFER
1061,SALES,ONLINE
1062,WAGES,TRANSFER
1063,SALES,TRANSFER
1064,SALES,POS
1065,GOODS/MATERIALS,POS
1066,WAGES,ATM
1067,SERVICES,ONLINE
1068,GOODS/MATERIALS,ATM
1069,WAGES,TRANSFER
1070,TAX,ATM
1071,GOODS/MATERIALS,TRANSFER
1072,GOODS/MATERIALS,CHECK
1073,SALES,ATM
1074,SERVICES,ONLINE
1075,WAGES,ATM
1076,SERVICES,ONLINE
1077,SALES,CHECK
1078,SERVICES,POS
1079,SERVICES,TRANSFER
1080,SERVICES,ONLINE
1081,SALES,POS
1082,SERVICES,CHECK
1083,SERVICES,TRANSFER
1084,WAGES,ATM
1085,SERVICES,ONLINE
1086,SERVICES,TRANSFER
1087,SALES,TRANSFER
1088,WAGES,CHECK
1089,SALES,POS
1090,TAX,ATM
1091,SERVICES,TRANSFER
1092,SERVICES,ONLINE
1093,SALES,CHECK
1094,WAGES,CHECK
1095,SALES,CHECK
1096,SALES,ATM
1097,SERVICES,CHECK
1098,GOODS/MATERIALS,ONLINE
1099,SALES,ONLINE
1100,SERVICES,ATM
1101,TAX,POS
1102,SALES,ONLINE
1103,SERVICES,POS
1104,SERVICES,CHECK
1105,SERVICES,TRANSFER
1106,SALES,POS
1107,SERVICES,ATM
1108,GOODS/MATERIALS,ATM
1109,WAGES,ONLINE
1110,SERVICES,TRANSFER
1111,TAX,POS
1112,WAGES,TRANSFER
1113,SALES,CHECK
1114,SERVICES,POS
1115,WAGES,TRANSFER
1116,WAGES,ONLINE
1117,SALES,POS
1118,SALES,ATM
1119,WAGES,ONLINE
1120,GOODS/MATERIALS,TRANSFER
1121,SALES,ATM
1122,SERVICES,CHECK
1123,SALES,TRANSFER
1124,SERVICES,ONLINE
1125,SERVICES,TRANSFER
1126,TAX,ONLINE
1127,SERVICES,ATM
1128,GOODS/MATERIALS,POS
1129,GOODS/MATERIALS,CHECK
1130,TAX,TRANSFER
1131,TAX,ATM
1132,TAX,ATM
1133,SERVICES,CHECK
1134,WAGES,ATM
1135,GOODS/MATERIALS,POS
1136,SERVICES,POS
1137,WAGES,TRANSFER
1138,WAGES,TRANSFER
1139,SALES,CHECK
1140,SERVICES,ONLINE
1141,SERVICES,CHECK
1142,SALES,TRANSFER
1143,SALES,CHECK
1144,GOODS/MATERIALS,CHECK
1145,SALES,CHECK
1146,SALES,TRANSFER
1147,SERVICES,TRANSFER
1148,TAX,TRANSFER
1149,SERVICES,CHECK
1150,GOODS/MATERIALS,ONLINE
1151,TAX,TRANSFER
1152,WAGES,ATM
1153,SALES,CHECK
1154,TAX,ONLINE
1155,SERVICES,CHECK
1156,SALES,ATM
1157,SALES,CHECK
1158,SERVICES,TRANSFER
1159,TAX,ATM
1160,SERVICES,POS
1161,TAX,POS
1162,SALES,TRANSFER
1163,WAGES,ONLINE
1164,SALES,ONLINE
1165,GOODS/MATERIALS,ATM
1166,SERVICES,ATM
1167,SERVICES,CHECK
1168,GOODS/MATERIALS,TRANSFER
1169,TAX,ATM
1170,GOODS/MATERIALS,TRANSFER
1171,SALES,ATM
1172,GOODS/MATERIALS,TRANSFER
1173,GOODS/MATERIALS,ATM
1174,SALES,ONLINE
1175,SALES,ONLINE
1176,TAX,CHECK
1177,TAX,POS
1178,SERVICES,ATM
1179,TAX,ONLINE
1180,TAX,POS
1181,WAGES,ATM
1182,TAX,TRANSFER
1183,SERVICES,CHECK
1184,GOODS/MATERIALS,TRANSFER
1185,SALES,CHECK
1186,WAGES,TRANSFER
1187,WAGES,POS
1188,GOODS/MATERIALS,CHECK
1189,SERVICES,ATM
1190,SALES,TRANSFER
1191,WAGES,CHECK
1192,GOODS/MATERIALS,TRANSFER
1193,TAX,ATM
1194,TAX,POS
1195,SERVICES,ONLINE
1196,GOODS/MATERIALS,POS
1197,SALES,ONLINE
1198,TAX,CHECK
1199,TAX,POS
1200,GOODS/MATERIALS,ONLINE
1201,WAGES,ATM
1202,GOODS/MATERIALS,CHECK
1203,SALES,CHECK
1204,SALES,ONLINE
1205,TAX,POS
1206,SALES,ATM
1207,WAGES,ONLINE
1208,SALES,POS
1209,WAGES,TRANSFER
1210,SERVICES,ONLINE
1211,TAX,ATM
1212,SALES,CHECK
1213,WAGES,POS
1214,WAGES,POS
1215,SALES,CHECK
1216,SALES,TRANSFER
1217,SERVICES,TRANSFER
1218,SALES,CHECK
1219,WAGES,CHECK
1220,SALES,POS
1221,SALES,CHECK
1222,SALES,ONLINE
1223,SERVICES,CHECK
1224,SALES,CHECK
1225,TAX,CHECK
1226,TAX,ONLINE
1227,SALES,CHECK
1228,SERVICES,ATM
1229,SERVICES,POS
1230,SERVICES,ATM
1231,TAX,POS
1232,GOODS/MATERIALS,TRANSFER
1233,SERVICES,POS
1234,SERVICES,ATM
1235,WAGES,ATM
1236,SALES,CHECK
1237,GOODS/MATERIALS,POS
1238,TAX,CHECK
1239,GOODS/MATERIALS,ATM
1240,TAX,CHECK
1241,WAGES,ONLINE
1242,WAGES,CHECK
1243,TAX,TRANSFER
1244,GOODS/MATERIALS,CHECK
1245,WAGES,POS
1246,SALES,TRANSFER
1247,SALES,ATM
1248,SERVICES,ATM
1249,GOODS/MATERIALS,POS
1250,SALES,TRANSFER
1251,GOODS/MATERIALS,ATM
1252,SERVICES,ONLINE
1253,SALES,TRANSFER
1254,TAX,ATM
1255,WAGES,ONLINE
1256,SALES,ONLINE
1257,GOODS/MATERIALS,ONLINE
1258,GOODS/MATERIALS,ATM
1259,SERVICES,ONLINE
1260,SALES,ATM
1261,SERVICES,ONLINE
1262,WAGES,POS
1263,SALES,POS
1264,TAX,CHECK
1265,SERVICES,ATM
1266,TAX,POS
1267,TAX,ATM
1268,TAX,ATM
1269,SALES,CHECK
1270,SALES,ONLINE
1271,SALES,ATM
1272,WAGES,ATM
1273,GOODS/MATERIALS,CHECK
1274,GOODS/MATERIALS,CHECK
1275,GOODS/MATERIALS,ATM
1276,TAX,ONLINE
1277,SERVICES,ONLINE
1278,WAGES,TRANSFER
1279,TAX,CHECK
1280,SERVICES,POS
1281,TAX,TRANSFER
1282,SALES,ONLINE
1283,SALES,ONLINE
1284,WAGES,POS
1285,SERVICES,ONLINE
1286,WAGES,ATM
1287,SERVICES,POS
1288,SALES,ATM
1289,TAX,POS
1290,SERVICES,POS
1291,SERVICES,ONLINE
1292,GOODS/MATERIALS,ONLINE
1293,TAX,ONLINE
1294,WAGES,POS
1295,WAGES,TRANSFER
1296,TAX,ATM
1297,SERVICES,CHECK
1298,SALES,ATM
1299,WAGES,TRANSFER
1300,GOODS/MATERIALS,ATM
1301,TAX,ONLINE
1302,TAX,POS
1303,SALES,ATM
1304,WAGES,CHECK
1305,SALES,POS
1306,SALES,TRANSFER
1307,SALES,ATM
1308,SERVICES,POS
1309,SALES,TRANSFER
1310,TAX,TRANSFER
1311,GOODS/MATERIALS,POS
1312,SALES,ONLINE
1313,TAX,ONLINE
1314,WAGES,CHECK
1315,TAX,POS
1316,SALES,ONLINE
1317,GOODS/MATERIALS,CHECK
1318,SALES,TRANSFER
1319,SALES,ATM
1320,TAX,POS
1321,WAGES,POS
1322,TAX,CHECK
1323,SALES,POS
1324,TAX,POS
1325,SERVICES,CHECK
1326,WAGES,CHECK
1327,TAX,ONLINE
1328,SALES,TRANSFER
1329,SERVICES,POS
1330,SERVICES,ONLINE
1331,SERVICES,ATM
1332,WAGES,TRANSFER
1333,SERVICES,ATM
1334,WAGES,TRANSFER
1335,SALES,ATM
1336,SERVICES,POS
1337,SALES,ONLINE
1338,SALES,TRANSFER
1339,GOODS/MATERIALS,TRANSFER
1340,SALES,ATM
1341,SERVICES,POS
1342,TAX,CHECK
1343,GOODS/MATERIALS,POS
1344,WAGES,CHECK
1345,SALES,ONLINE
1346,WAGES,ONLINE
1347,GOODS/MATERIALS,CHECK
1348,WAGES,TRANSFER
1349,WAGES,CHECK
1350,SALES,TRANSFER
1351,SALES,ONLINE
1352,TAX,TRANSFER
1353,SALES,POS
1354,WAGES,TRANSFER
1355,GOODS/MATERIALS,TRANSFER
1356,TAX,ONLINE
1357,GOODS/MATERIALS,CHECK
1358,WAGES,ATM
1359,SERVICES,ONLINE
1360,SALES,TRANSFER
1361,SALES,ONLINE
1362,TAX,ONLINE
1363,SALES,TRANSFER
1364,WAGES,TRANSFER
1365,SERVICES,POS
1366,SALES,TRANSFER
1367,SALES,ONLINE
1368,WAGES,TRANSFER
1369,TAX,CHECK
1370,SERVICES,ATM
1371,SERVICES,TRANSFER
1372,SERVICES,POS
1373,SALES,TRANSFER
1374,SERVICES,ONLINE
1375,SERVICES,POS
1376,SERVICES,POS
1377,SALES,ATM
1378,WAGES,POS
1379,WAGES,POS
1380,SERVICES,TRANSFER
1381,SALES,ONLINE
1382,WAGES,TRANSFER
1383,GOODS/MATERIALS,ATM
1384,GOODS/MATERIALS,ONLINE
1385,SALES,ONLINE
1386,WAGES,POS
1387,GOODS/MATERIALS,TRANSFER
1388,SERVICES,ATM
1389,SALES,POS
1390,GOODS/MATERIALS,ONLINE
1391,SALES,CHECK
1392,GOODS/MATERIALS,TRANSFER
1393,SERVICES,POS
1394,WAGES,ONLINE
1395,TAX,CHECK
1396,TAX,ONLINE
1397,SERVICES,TRANSFER
1398,WAGES,ATM
1399,GOODS/MATERIALS,ATM
1400,GOODS/MATERIALS,ATM
1401,SERVICES,POS
1402,SALES,ONLINE
1403,SERVICES,CHECK
1404,GOODS/MATERIALS,CHECK
1405,WAGES,ONLINE
1406,TAX,POS
1407,SERVICES,ONLINE
1408,SALES,CHECK
1409,SERVICES,ATM
1410,GOODS/MATERIALS,CHECK
1411,GOODS/MATERIALS,TRANSFER
1412,WAGES,ATM
1413,WAGES,ATM
1414,GOODS/MATERIALS,CHECK
1415,SALES,POS
1416,SERVICES,ONLINE
1417,TAX,POS
1418,WAGES,ATM
1419,GOODS/MATERIALS,POS
1420,TAX,POS
1421,SERVICES,ONLINE
1422,TAX,ONLINE
1423,SERVICES,POS
1424,WAGES,ONLINE
1425,SERVICES,CHECK
1426,SERVICES,POS
1427,TAX,ONLINE
1428,GOODS/MATERIALS,CHECK
1429,SALES,POS
1430,WAGES,ATM
1431,TAX,CHECK
1432,WAGES,POS
1433,TAX,CHECK
1434,SALES,POS
1435,TAX,ONLINE
1436,SALES,CHECK
1437,WAGES,POS
1438,SERVICES,CHECK
1439,GOODS/MATERIALS,ONLINE
1440,SERVICES,CHECK
1441,WAGES,POS
1442,SALES,POS
1443,SERVICES,POS
1444,TAX,TRANSFER
1445,WAGES,ATM
1446,TAX,TRANSFER
1447,SALES,ATM
1448,WAGES,POS
1449,SALES,CHECK
1450,SALES,TRANSFER
1451,WAGES,ONLINE
1452,TAX,CHECK
1453,SERVICES,ONLINE
1454,GOODS/MATERIALS,POS
1455,WAGES,POS
1456,SERVICES,POS
1457,GOODS/MATERIALS,POS
1458,GOODS/MATERIALS,ATM
1459,SALES,CHECK
1460,SALES,ONLINE
1461,GOODS/MATERIALS,POS
1462,TAX,POS
1463,SALES,POS
1464,SALES,ATM
1465,TAX,POS
1466,GOODS/MATERIALS,TRANSFER
1467,WAGES,POS
1468,SALES,TRANSFER
1469,WAGES,POS
1470,TAX,TRANSFER
1471,TAX,ATM
1472,SERVICES,ONLINE
1473,TAX,ONLINE
1474,GOODS/MATERIALS,ONLINE
1475,WAGES,TRANSFER
1476,TAX,TRANSFER
1477,TAX,TRANSFER
1478,WAGES,ONLINE
1479,SERVICES,ONLINE
1480,TAX,TRANSFER
1481,SERVICES,ATM
1482,GOODS/MATERIALS,ONLINE
1483,SALES,TRANSFER
1484,GOODS/MATERIALS,ATM
1485,SERVICES,CHECK
1486,GOODS/MATERIALS,ONLINE
1487,GOODS/MATERIALS,CHECK
1488,WAGES,POS
1489,SALES,ONLINE
1490,WAGES,TRANSFER
1491,SALES,ONLINE
1492,GOODS/MATERIALS,POS
1493,TAX,POS
1494,TAX,POS
1495,SALES,TRANSFER
1496,GOODS/MATERIALS,CHECK
1497,SERVICES,ONLINE
1498,GOODS/MATERIALS,ONLINE
1499,WAGES,CHECK
1500,SERVICES,POS
1501,GOODS/MATERIALS,ONLINE
1502,SERVICES,TRANSFER
1503,WAGES,TRANSFER
1504,WAGES,CHECK
1505,SALES,CHECK
1506,SERVICES,CHECK
1507,SERVICES,TRANSFER
1508,SALES,TRANSFER
1509,WAGES,CHECK
1510,SALES,TRANSFER
1511,SERVICES,POS
1512,TAX,ONLINE
1513,SERVICES,ATM
1514,TAX,ONLINE
1515,GOODS/MATERIALS,CHECK
1516,WAGES,ATM
1517,TAX,CHECK
1518,SERVICES,ATM
1519,TAX,TRANSFER
1520,SERVICES,TRANSFER
1521,SERVICES,CHECK
1522,SALES,CHECK
1523,GOODS/MATERIALS,POS
1524,WAGES,ATM
1525,SALES,CHECK
1526,SERVICES,ATM
1527,SERVICES,CHECK
1528,GOODS/MATERIALS,ONLINE
1529,SALES,ATM
1530,SALES,ONLINE
1531,SALES,CHECK
1532,WAGES,CHECK
1533,TAX,ONLINE
1534,WAGES,ONLINE
1535,WAGES,CHECK
1536,GOODS/MATERIALS,CHECK
1537,WAGES,CHECK
1538,SALES,CHECK
1539,SALES,POS
1540,WAGES,POS
1541,TAX,CHECK
1542,SALES,TRANSFER
1543,SALES,POS
1544,GOODS/MATERIALS,ATM
1545,WAGES,ONLINE
1546,WAGES,ATM
1547,GOODS/MATERIALS,POS
1548,WAGES,TRANSFER
1549,WAGES,ONLINE
1550,TAX,CHECK
1551,SALES,POS
1552,TAX,ATM
1553,TAX,TRANSFER
1554,WAGES,CHECK
1555,GOODS/MATERIALS,CHECK
1556,TAX,ATM
1557,SERVICES,ATM
1558,WAGES,TRANSFER
1559,SERVICES,TRANSFER
1560,GOODS/MATERIALS,ATM
1561,SALES,ATM
1562,SERVICES,ONLINE
1563,SERVICES,TRANSFER
1564,TAX,ONLINE
1565,WAGES,TRANSFER
1566,WAGES,TRANSFER
1567,SALES,ATM
1568,GOODS/MATERIALS,ONLINE
1569,TAX,ONLINE
1570,SALES,TRANSFER
1571,TAX,TRANSFER
1572,GOODS/MATERIALS,POS
1573,WAGES,TRANSFER
1574,GOODS/MATERIALS,POS
1575,GOODS/MATERIALS,ONLINE
1576,TAX,POS
1577,SALES,ONLINE
1578,TAX,POS
1579,SALES,CHECK
1580,TAX,ONLINE
1581,WAGES,POS
1582,GOODS/MATERIALS,ONLINE
1583,SERVICES,ATM
1584,WAGES,ATM
1585,GOODS/MATERIALS,ONLINE
1586,WAGES,TRANSFER
1587,GOODS/MATERIALS,ONLINE
1588,WAGES,POS
1589,WAGES,ATM
1590,TAX,ATM
1591,SALES,TRANSFER
1592,SALES,ONLINE
1593,WAGES,POS
1594,TAX,CHECK
1595,SALES,ATM
1596,TAX,ATM
1597,SALES,CHECK
1598,SERVICES,CHECK
1599,TAX,POS
1600,TAX,ATM
1601,TAX,TRANSFER
1602,SALES,ATM
1603,TAX,ATM
1604,WAGES,TRANSFER
1605,SALES,ONLINE
1606,TAX,ONLINE
1607,GOODS/MATERIALS,ATM
1608,SALES,TRANSFER
1609,SERVICES,ATM
1610,TAX,ONLINE
1611,TAX,POS
1612,WAGES,POS
1613,GOODS/MATERIALS,CHECK
1614,GOODS/MATERIALS,TRANSFER
1615,SERVICES,ATM
1616,SERVICES,ATM
1617,SERVICES,POS
1618,TAX,ONLINE
1619,SERVICES,CHECK
1620,GOODS/MATERIALS,CHECK
1621,SALES,POS
1622,WAGES,ONLINE
1623,TAX,POS
1624,WAGES,ATM
1625,SERVICES,ONLINE
1626,SALES,ATM
1627,SERVICES,TRANSFER
1628,SERVICES,CHECK
1629,GOODS/MATERIALS,ATM
1630,SERVICES,POS
1631,WAGES,ONLINE
1632,TAX,POS
1633,TAX,POS
1634,SERVICES,ATM
1635,TAX,ONLINE
1636,SERVICES,ONLINE
1637,GOODS/MATERIALS,TRANSFER
1638,SALES,ONLINE
1639,TAX,ONLINE
1640,SERVICES,CHECK
1641,GOODS/MATERIALS,POS
1642,SALES,ATM
1643,SALES,ONLINE
1644,SALES,CHECK
1645,GOODS/MATERIALS,ONLINE
1646,GOODS/MATERIALS,ONLINE
1647,TAX,CHECK
1648,TAX,TRANSFER
1649,WAGES,ATM
1650,SALES,ONLINE
1651,SALES,ONLINE
1652,GOODS/MATERIALS,POS
1653,SALES,TRANSFER
1654,SALES,CHECK
1655,GOODS/MATERIALS,POS
1656,SERVICES,ATM
1657,SALES,ONLINE
1658,SERVICES,CHECK
1659,SERVICES,CHECK
1660,SALES,CHECK
1661,WAGES,TRANSFER
1662,GOODS/MATERIALS,TRANSFER
1663,TAX,CHECK
1664,WAGES,ONLINE
1665,SALES,TRANSFER
1666,GOODS/MATERIALS,ATM
1667,SERVICES,TRANSFER
1668,TAX,CHECK
1669,TAX,ONLINE
1670,SERVICES,POS
1671,SERVICES,ATM
1672,GOODS/MATERIALS,ONLINE
1673,GOODS/MATERIALS,ONLINE
1674,GOODS/MATERIALS,TRANSFER
1675,SERVICES,ONLINE
1676,SERVICES,POS
1677,TAX,ATM
1678,WAGES,CHECK
1679,SERVICES,TRANSFER
1680,TAX,ATM
1681,SERVICES,POS
1682,WAGES,TRANSFER
1683,TAX,POS
1684,SERVICES,ONLINE
1685,GOODS/MATERIALS,ATM
1686,SERVICES,POS
1687,GOODS/MATERIALS,ONLINE
1688,GOODS/MATERIALS,CHECK
1689,SERVICES,CHECK
1690,WAGES,ONLINE
1691,SALES,ATM
1692,SERVICES,ONLINE
1693,SERVICES,CHECK
1694,SALES,ATM
1695,WAGES,CHECK
1696,SALES,ATM
1697,SERVICES,ONLINE
1698,GOODS/MATERIALS,TRANSFER
1699,SERVICES,ONLINE
1700,SALES,ONLINE
1701,WAGES,POS
1702,WAGES,ONLINE
1703,TAX,TRANSFER
1704,TAX,POS
1705,SERVICES,CHECK
1706,WAGES,ONLINE
1707,TAX,ONLINE
1708,SALES,ONLINE
1709,GOODS/MATERIALS,CHECK
1710,SERVICES,CHECK
1711,SALES,ONLINE
1712,SALES,CHECK
1713,GOODS/MATERIALS,ATM
1714,WAGES,ATM
1715,GOODS/MATERIALS,TRANSFER
1716,TAX,TRANSFER
1717,GOODS/MATERIALS,POS
1718,GOODS/MATERIALS,POS
1719,WAGES,ATM
1720,GOODS/MATERIALS,CHECK
1721,SALES,TRANSFER
1722,SALES,POS
1723,GOODS/MATERIALS,POS
1724,SALES,ATM
1725,SERVICES,TRANSFER
1726,GOODS/MATERIALS,POS
1727,GOODS/MATERIALS,CHECK
1728,TAX,POS
1729,WAGES,ATM
1730,SALES,ONLINE
1731,GOODS/MATERIALS,CHECK
1732,SALES,TRANSFER
1733,SALES,CHECK
1734,SALES,POS
1735,WAGES,TRANSFER
1736,WAGES,ATM
1737,GOODS/MATERIALS,TRANSFER
1738,SALES,POS
1739,SERVICES,POS
1740,TAX,TRANSFER
1741,GOODS/MATERIALS,ATM
1742,GOODS/MATERIALS,ONLINE
1743,SERVICES,ATM
1744,GOODS/MATERIALS,POS
1745,GOODS/MATERIALS,POS
1746,TAX,TRANSFER
1747,TAX,CHECK
1748,SALES,POS
1749,TAX,ONLINE
1750,TAX,CHECK
1751,TAX,ATM
1752,TAX,POS
1753,SERVICES,CHECK
1754,SALES,POS
1755,GOODS/MATERIALS,CHECK
1756,SERVICES,CHECK
1757,WAGES,POS
1758,WAGES,POS
1759,WAGES,ATM
1760,GOODS/MATERIALS,CHECK
1761,WAGES,TRANSFER
1762,SALES,ONLINE
1763,TAX,ONLINE
1764,SALES,ATM
1765,SALES,ATM
1766,SALES,TRANSFER
1767,TAX,CHECK
1768,TAX,TRANSFER
1769,SALES,ONLINE
1770,SALES,TRANSFER
1771,WAGES,ONLINE
1772,SALES,ATM
1773,SERVICES,CHECK
1774,SALES,POS
1775,WAGES,POS
1776,SERVICES,POS
1777,TAX,ONLINE
1778,SERVICES,ONLINE
1779,SALES,TRANSFER
1780,TAX,ATM
1781,WAGES,ATM
1782,GOODS/MATERIALS,POS
1783,TAX,CHECK
1784,SERVICES,TRANSFER
1785,WAGES,TRANSFER
1786,GOODS/MATERIALS,ONLINE
1787,GOODS/MATERIALS,ATM
1788,SALES,POS
1789,GOODS/MATERIALS,ONLINE
1790,GOODS/MATERIALS,ONLINE
1791,GOODS/MATERIALS,CHECK
1792,GOODS/MATERIALS,CHECK
1793,TAX,CHECK
1794,SERVICES,TRANSFER
1795,TAX,POS
1796,SERVICES,ONLINE
1797,SALES,ATM
1798,GOODS/MATERIALS,POS
1799,TAX,ATM
1800,SALES,POS
1801,GOODS/MATERIALS,ONLINE
1802,GOODS/MATERIALS,ONLINE
1803,WAGES,ATM
1804,SALES,POS
1805,TAX,ONLINE
1806,GOODS/MATERIALS,ONLINE
1807,WAGES,CHECK
1808,SERVICES,ATM
1809,SALES,ATM
1810,WAGES,CHECK
1811,WAGES,TRANSFER
1812,WAGES,CHECK
1813,SALES,ATM
1814,SALES,CHECK
1815,SALES,POS
1816,SERVICES,TRANSFER
1817,GOODS/MATERIALS,ONLINE
1818,TAX,CHECK
1819,WAGES,CHECK
1820,SALES,ATM
1821,SALES,ATM
1822,SERVICES,POS
1823,GOODS/MATERIALS,ONLINE
1824,SALES,TRANSFER
1825,WAGES,ONLINE
1826,TAX,POS
1827,SERVICES,POS
1828,TAX,POS
1829,SERVICES,ONLINE
1830,SERVICES,POS
1831,SERVICES,CHECK
1832,TAX,TRANSFER
1833,GOODS/MATERIALS,ONLINE
1834,SALES,TRANSFER
1835,SERVICES,POS
1836,WAGES,POS
1837,GOODS/MATERIALS,ONLINE
1838,SALES,POS
1839,GOODS/MATERIALS,TRANSFER
1840,SALES,ONLINE
1841,SALES,ATM
1842,WAGES,CHECK
1843,SALES,CHECK
1844,SALES,TRANSFER
1845,SALES,CHECK
1846,SERVICES,CHECK
1847,SERVICES,TRANSFER
1848,TAX,ONLINE
1849,SALES,POS
1850,GOODS/MATERIALS,ATM
1851,TAX,POS
1852,GOODS/MATERIALS,POS
1853,SERVICES,TRANSFER
1854,WAGES,ATM
1855,TAX,POS
1856,TAX,ONLINE
1857,SALES,CHECK
1858,SALES,POS
1859,SALES,ATM
1860,SERVICES,ATM
1861,SERVICES,ONLINE
1862,SERVICES,TRANSFER
1863,SERVICES,ATM
1864,GOODS/MATERIALS,TRANSFER
1865,TAX,ATM
1866,SERVICES,ATM
1867,GOODS/MATERIALS,POS
1868,WAGES,POS
1869,GOODS/MATERIALS,POS
1870,TAX,ATM
1871,SERVICES,ONLINE
1872,SALES,ONLINE
1873,GOODS/MATERIALS,TRANSFER
1874,GOODS/MATERIALS,POS
1875,SERVICES,ONLINE
1876,GOODS/MATERIALS,ONLINE
1877,SALES,TRANSFER
1878,SERVICES,TRANSFER
1879,GOODS/MATERIALS,CHECK
1880,SALES,POS
1881,GOODS/MATERIALS,ATM
1882,SERVICES,CHECK
1883,SALES,POS
1884,TAX,ATM
1885,TAX,ONLINE
1886,TAX,POS
1887,WAGES,ONLINE
1888,TAX,ONLINE
1889,GOODS/MATERIALS,POS
1890,GOODS/MATERIALS,CHECK
1891,TAX,TRANSFER
1892,WAGES,ATM
1893,SERVICES,ATM
1894,GOODS/MATERIALS,TRANSFER
1895,TAX,ATM
1896,WAGES,TRANSFER
1897,TAX,ATM
1898,SERVICES,CHECK
1899,SERVICES,CHECK
1900,SALES,CHECK
1901,GOODS/MATERIALS,POS
1902,SALES,ATM
1903,SERVICES,ATM
1904,SALES,TRANSFER
1905,WAGES,TRANSFER
1906,WAGES,TRANSFER
1907,WAGES,POS
1908,TAX,POS
1909,SALES,ATM
1910,TAX,POS
1911,TAX,TRANSFER
1912,GOODS/MATERIALS,POS
1913,GOODS/MATERIALS,TRANSFER
1914,GOODS/MATERIALS,CHECK
1915,SERVICES,TRANSFER
1916,TAX,ATM
1917,SERVICES,TRANSFER
1918,WAGES,POS
1919,WAGES,POS
1920,GOODS/MATERIALS,TRANSFER
1921,TAX,TRANSFER
1922,SERVICES,ATM
1923,TAX,TRANSFER
1924,GOODS/MATERIALS,POS
1925,GOODS/MATERIALS,TRANSFER
1926,SERVICES,TRANSFER
1927,WAGES,ONLINE
1928,TAX,TRANSFER
1929,SALES,CHECK
1930,WAGES,CHECK
1931,SERVICES,CHECK
1932,GOODS/MATERIALS,POS
1933,SERVICES,POS
1934,SALES,TRANSFER
1935,SERVICES,TRANSFER
1936,SERVICES,ONLINE
1937,TAX,TRANSFER
1938,WAGES,POS
1939,GOODS/MATERIALS,TRANSFER
1940,SERVICES,TRANSFER
1941,SALES,TRANSFER
1942,SERVICES,TRANSFER
1943,WAGES,TRANSFER
1944,WAGES,CHECK
1945,WAGES,CHECK
1946,TAX,ONLINE
1947,WAGES,ATM
1948,TAX,POS
1949,SALES,ONLINE
1950,WAGES,ATM
1951,TAX,TRANSFER
1952,GOODS/MATERIALS,ATM
1953,GOODS/MATERIALS,TRANSFER
1954,TAX,ONLINE
1955,GOODS/MATERIALS,ONLINE
1956,GOODS/MATERIALS,ATM
1957,WAGES,TRANSFER
1958,SALES,CHECK
1959,TAX,CHECK
1960,SERVICES,POS
1961,SERVICES,CHECK
1962,GOODS/MATERIALS,ATM
1963,SERVICES,ATM
1964,WAGES,CHECK
1965,WAGES,ONLINE
1966,GOODS/MATERIALS,ATM
1967,WAGES,ATM
1968,WAGES,TRANSFER
1969,GOODS/MATERIALS,POS
1970,GOODS/MATERIALS,ATM
1971,TAX,POS
1972,SALES,TRANSFER
1973,SERVICES,ONLINE
1974,GOODS/MATERIALS,TRANSFER
1975,WAGES,ONLINE
1976,WAGES,ONLINE
1977,SALES,CHECK
1978,SALES,TRANSFER
1979,SALES,ONLINE
1980,SALES,ATM
1981,SALES,CHECK
1982,WAGES,TRANSFER
1983,SALES,ATM
1984,SALES,ATM
1985,WAGES,POS
1986,GOODS/MATERIALS,ATM
1987,SALES,TRANSFER
1988,WAGES,ONLINE
1989,WAGES,CHECK
1990,SERVICES,POS
1991,SALES,POS
1992,TAX,ATM
1993,WAGES,TRANSFER
1994,TAX,ONLINE
1995,TAX,TRANSFER
1996,TAX,TRANSFER
1997,TAX,POS
1998,SALES,ATM
1999,SALES,ATM
2000,GOODS/MATERIALS,CHECK
